{"cameraMode":{"drawMode":0,"name":"Shaded","section":"Shading Mode"},"sceneLighting":true,"audioPlay":false,"sceneViewState":{"m_AlwaysRefresh":false,"showFog":true,"showSkybox":true,"showFlares":true,"showImageEffects":true,"showParticleSystems":true,"showVisualEffectGraphs":true,"m_FxEnabled":true},"in2DMode":false,"pivot":{"x":-1.2586325407028199,"y":1.6549700498580933,"z":2.5895931720733644},"rotation":{"x":0.36224591732025149,"y":-0.445252388715744,"z":0.2033393830060959,"w":0.7932097911834717},"size":3.2109904289245607,"orthographic":false}